Workbook

Sheet Executive Summary
A1: 🛸 ORBITX QA EXECUTION DASHBOARD & TELEMETRY SUMMARY
A2: Automated Quality Assurance Test Matrix for Mobile (Appium) & Web UI (Selenium) Suites • Total 600 Tests
A4: TOTAL TEST CASES | C4: PASSED TESTS | E4: FAILED TESTS | G4: OVERALL PASS RATE
A5: =B13 | C5: =C13 | E5: =D13 | G5: =F13
A8: 📊 TEST SUITE EXECUTION SUMMARY
A9: Test Automation Suite | B9: Total Tests | C9: Passed | D9: Failed | E9: Skipped | F9: Pass Rate (%) | G9: Avg Duration (ms) | H9: Automation %
A10: Appium Mobile Test Suite | B10: =COUNTA('Appium Test Cases'!A2:A301) | C10: =COUNTIF('Appium Test Cases'!J2:J301, "PASSED") | D10: =COUNTIF('Appium Test Cases'!J2:J301, "FAILED") | E10: =COUNTIF('Appium Test Cases'!J2:J301, "SKIPPED") | F10: =C10/B10 | G10: =AVERAGE('Appium Test Cases'!K2:K301) | H10: =COUNTIF('Appium Test Cases'!L2:L301, "Yes")/B10
A11: Selenium Web Test Suite | B11: =COUNTA('Selenium Test Cases'!A2:A301) | C11: =COUNTIF('Selenium Test Cases'!J2:J301, "PASSED") | D11: =COUNTIF('Selenium Test Cases'!J2:J301, "FAILED") | E11: =COUNTIF('Selenium Test Cases'!J2:J301, "SKIPPED") | F11: =C11/B11 | G11: =AVERAGE('Selenium Test Cases'!K2:K301) | H11: =COUNTIF('Selenium Test Cases'!L2:L301, "Yes")/B11
A13: TOTAL / OVERALL SUITE | B13: =SUM(B10:B11) | C13: =SUM(C10:C11) | D13: =SUM(D10:D11) | E13: =SUM(E10:E11) | F13: =C13/B13 | G13: =AVERAGE(G10:G11) | H13: =AVERAGE(H10:H11)
A15: 📌 MODULE-WISE QA DISTRIBUTION & METRICS
A16: Module Name | B16: Platform Framework | C16: Total Test Cases | D16: Passed | E16: Failed | F16: Skipped | G16: Pass Rate (%) | H16: Status Health
A17: Authentication & Security | B17: Appium (Mobile) | C17: 45 | D17: 42 | E17: 2 | F17: 1 | G17: =D17/C17 | H17: NEEDS ATTENTION
A18: 3D Planet Explorer & Globe | B18: Appium (Mobile) | C18: 50 | D18: 47 | E18: 2 | F18: 1 | G18: =D18/C18 | H18: NEEDS ATTENTION
A19: Real-time Satellite Tracking | B19: Appium (Mobile) | C19: 50 | D19: 46 | E19: 3 | F19: 1 | G19: =D19/C19 | H19: NEEDS ATTENTION
A20: Push Notifications & Alerts | B20: Appium (Mobile) | C20: 40 | D20: 37 | E20: 2 | F20: 1 | G20: =D20/C20 | H20: NEEDS ATTENTION
A21: Sensors & AR Satellite Finder | B21: Appium (Mobile) | C21: 40 | D21: 38 | E21: 1 | F21: 1 | G21: =D21/C21 | H21: NEEDS ATTENTION
A22: Offline Storage & Sync | B22: Appium (Mobile) | C22: 45 | D22: 42 | E22: 2 | F22: 1 | G22: =D22/C22 | H22: NEEDS ATTENTION
A23: Settings & Localization | B23: Appium (Mobile) | C23: 30 | D23: 27 | E23: 3 | F23: 0 | G23: =D23/C23 | H23: NEEDS ATTENTION
A24: Web Dashboard & WebGL Canvas | B24: Selenium (Web) | C24: 55 | D24: 52 | E24: 2 | F24: 1 | G24: =D24/C24 | H24: NEEDS ATTENTION
A25: Ground Station Antenna Control | B25: Selenium (Web) | C25: 45 | D25: 41 | E25: 3 | F25: 1 | G25: =D25/C25 | H25: NEEDS ATTENTION
A26: Satellite Fleet Management | B26: Selenium (Web) | C26: 50 | D26: 47 | E26: 2 | F26: 1 | G26: =D26/C26 | H26: NEEDS ATTENTION
A27: DevSecOps & Security Telemetry | B27: Selenium (Web) | C27: 45 | D27: 42 | E27: 2 | F27: 1 | G27: =D27/C27 | H27: NEEDS ATTENTION
A28: Data Analytics & Reporting | B28: Selenium (Web) | C28: 40 | D28: 37 | E28: 2 | F28: 1 | G28: =D28/C28 | H28: NEEDS ATTENTION
... A30: Web Accessibility (WCAG 2.1) | B30: Selenium (Web) | C30: 25 | D30: 22 | E30: 3 | F30: 0 | G30: =D30/C30 | H30: NEEDS ATTENTION
A33: ⚙️ QA EXECUTION ENVIRONMENT & SYSTEM TELEMETRY
A34: Application Name: | B34: OrbitX Satellite & Space Telemetry Platform | D34: Appium Server: | E34: v2.5.1 (XCUIElement & UIAutomator2)
A35: Execution Platform: | B35: DevSecOps Enterprise CI/CD Pipeline #8492 | D35: Selenium Version: | E35: v4.21.0 (Headless Chrome/Firefox/Edge)
A36: Environment: | B36: Staging Telemetry Sandbox (US-East) | D36: Report Generated: | E36: 2026-07-22 09:36:43 (UTC+05:30)
A37: Target Test Suite: | B37: Mobile Appium (300) + Web Selenium (300) | D37: Total Test Cases: | E37: 600 Automated Test Specifications

Sheet Appium Test Cases
A1: Test Case ID | B1: Module / Component | C1: Test Specification Title | D1: Test Type | E1: Priority | F1: Pre-Conditions | G1: Test Steps | H1: Expected Result | I1: Actual Result | J1: Execution Status | K1: Duration (ms) | L1: Automated
A2: APP-001 | B2: Authentication & Biometrics | C2: Biometric FaceID Login on iOS 17 | D2: Functional | E2: P1 | F2: OrbitX Mobile App v2.4.0 initialized. Active telemetry network connection. | G2: 1. Launch OrbitX APP module. 2. Navigate to 'Authentication & Biometrics'. 3. Execute action: Biometric FaceID Login on iOS 17. 4. Validate system telemetry response. | H2: System executes Biometric FaceID Login on iOS 17 successfully without exceptions. Telemetry metrics confirm operational stability. | I2: Execution successful. All assertion checks passed. Telemetry response within expected threshold. | J2: PASSED | K2: 833 | L2: Yes
A3: APP-002 | B3: 3D Planet Explorer & Globe | C3: Double Tap Satellite Focus | D3: Functional | E3: P1 | F3: OrbitX Mobile App v2.4.0 initialized. Active telemetry network connection. | G3: 1. Launch OrbitX APP module. 2. Navigate to '3D Planet Explorer & Globe'. 3. Execute action: Double Tap Satellite Focus. 4. Validate system telemetry response. | H3: System executes Double Tap Satellite Focus successfully without exceptions. Telemetry metrics confirm operational stability. | I3: Execution successful. All assertion checks passed. Telemetry response within expected threshold. | J3: PASSED | K3: 689 | L3: Yes
A4: APP-003 | B4: Real-time Satellite Tracking | C4: Overhead Pass Notification Calculation | D4: Functional | E4: P1 | F4: OrbitX Mobile App v2.4.0 initialized. Active telemetry network connection. | G4: 1. Launch OrbitX APP module. 2. Navigate to 'Real-time Satellite Tracking'. 3. Execute action: Overhead Pass Notification Calculation. 4. Validate system telemetry response. | H4: System executes Overhead Pass Notification Calculation successfully without exceptions. Telemetry metrics confirm operational stability. | I4: Execution successful. All assertion checks passed. Telemetry response within expected threshold. | J4: PASSED | K4: 797 | L4: Yes
A5: APP-004 | B5: Push Notifications & Alerts | C5: Do Not Disturb Mode Respect | D5: System | E5: P3 | F5: OrbitX Mobile App v2.4.0 initialized. Active telemetry network connection. | G5: 1. Launch OrbitX APP module. 2. Navigate to 'Push Notifications & Alerts'. 3. Execute action: Do Not Disturb Mode Respect. 4. Validate system telemetry response. | H5: System executes Do Not Disturb Mode Respect successfully without exceptions. Telemetry metrics confirm operational stability. | I5: Execution successful. All assertion checks passed. Telemetry response within expected threshold. | J5: PASSED | K5: 618 | L5: Yes
A6: APP-005 | B6: Offline Mode & Data Sync | C6: Offline TLE Database Fallback - Variant 2 | D6: Resilience | E6: P1 | F6: OrbitX Mobile App v2.4.0 initialized. Active telemetry network connection. | G6: 1. Launch OrbitX APP module. 2. Navigate to 'Offline Mode & Data Sync'. 3. Execute action: Offline TLE Database Fallback - Variant 2. 4. Validate system telemetry response. | H6: System executes Offline TLE Database Fallback - Variant 2 successfully without exceptions. Telemetry metrics confirm operational stability. | I6: Execution successful. All assertion checks passed. Telemetry response within expected threshold. | J6: PASSED | K6: 278 | L6: Yes
A7: APP-006 | B7: AI Space Assistant (Voice & Chat) | C7: Space Assistant Offline NLP Response - Variant 2 | D7: AI/UX | E7: P2 | F7: OrbitX Mobile App v2.4.0 initialized. Active telemetry network connection. | G7: 1. Launch OrbitX APP module. 2. Navigate to 'AI Space Assistant (Voice & Chat)'. 3. Execute action: Space Assistant Offline NLP Response - Variant 2. 4. Validate system telemetry response. | H7: System executes Space Assistant Offline NLP Response - Variant 2 successfully without exceptions. Telemetry metrics confirm operational stability. | I7: Execution successful. All assertion checks passed. Telemetry response within expected threshold. | J7: PASSED | K7: 314 | L7: Yes
A8: APP-007 | B8: Sensors & AR Satellite Finder | C8: GPS High-Precision Location Lock - Variant 2 | D8: Sensors | E8: P1 | F8: OrbitX Mobile App v2.4.0 initialized. Active telemetry network connection. | G8: 1. Launch OrbitX APP module. 2. Navigate to 'Sensors & AR Satellite Finder'. 3. Execute action: GPS High-Precision Location Lock - Variant 2. 4. Validate system telemetry response. | H8: System executes GPS High-Precision Location Lock - Variant 2 successfully without exceptions. Telemetry metrics confirm operational stability. | I8: Execution successful. All assertion checks passed. Telemetry response within expected threshold. | J8: PASSED | K8: 423 | L8: Yes
A9: APP-008 | B9: Settings & Localization | C9: Multi-Language Support (JP/ES/DE) - Variant 3 | D9: Localization | E9: P2 | F9: OrbitX Mobile App v2.4.0 initialized. Active telemetry network connection. | G9: 1. Launch OrbitX APP module. 2. Navigate to 'Settings & Localization'. 3. Execute action: Multi-Language Support (JP/ES/DE) - Variant 3. 4. Validate system telemetry response. | H9: System executes Multi-Language Support (JP/ES/DE) - Variant 3 successfully without exceptions. Telemetry metrics confirm operational stability. | I9: Execution successful. All assertion checks passed. Telemetry response within expected threshold. | J9: PASSED | K9: 342 | L9: Yes
A10: APP-009 | B10: Authentication & Biometrics | C10: OAuth2 Keycloak Mobile Session Timeout - Variant 2 | D10: Security | E10: P2 | F10: OrbitX Mobile App v2.4.0 initialized. Active telemetry network connection. | G10: 1. Launch OrbitX APP module. 2. Navigate to 'Authentication & Biometrics'. 3. Execute action: OAuth2 Keycloak Mobile Session Timeout - Variant 2. 4. Validate system telemetry response. | H10: System executes OAuth2 Keycloak Mobile Session Timeout - Variant 2 successfully without exceptions. Telemetry metrics confirm operational stability. | I10: Execution successful. All assertion checks passed. Telemetry response within expected threshold. | J10: PASSED | K10: 179 | L10: Yes
A11: APP-010 | B11: 3D Planet Explorer & Globe | C11: Offline Globe Mesh Caching - Variant 2 | D11: Performance | E11: P2 | F11: OrbitX Mobile App v2.4.0 initialized. Active telemetry network connection. | G11: 1. Launch OrbitX APP module. 2. Navigate to '3D Planet Explorer & Globe'. 3. Execute action: Offline Globe Mesh Caching - Variant 2. 4. Validate system telemetry response. | H11: System executes Offline Globe Mesh Caching - Variant 2 successfully without exceptions. Telemetry metrics confirm operational stability. | I11: Execution successful. All assertion checks passed. Telemetry response within expected threshold. | J11: PASSED | K11: 713 | L11: No
A12: APP-011 | B12: Real-time Satellite Tracking | C12: Doppler Shift Calculation Display - Variant 2 | D12: Functional | E12: P3 | F12: OrbitX Mobile App v2.4.0 initialized. Active telemetry network connection. | G12: 1. Launch OrbitX APP module. 2. Navigate to 'Real-time Satellite Tracking'. 3. Execute action: Doppler Shift Calculation Display - Variant 2. 4. Validate system telemetry response. | H12: System executes Doppler Shift Calculation Display - Variant 2 successfully without exceptions. Telemetry metrics confirm operational stability. | I12: Execution successful. All assertion checks passed. Telemetry response within expected threshold. | J12: PASSED | K12: 675 | L12: Yes
A13: APP-012 | B13: Push Notifications & Alerts | C13: APNS Overhead Pass Alert Banner - Variant 3 | D13: Functional | E13: P1 | F13: OrbitX Mobile App v2.4.0 initialized. Active telemetry network connection. | G13: 1. Launch OrbitX APP module. 2. Navigate to 'Push Notifications & Alerts'. 3. Execute action: APNS Overhead Pass Alert Banner - Variant 3. 4. Validate system telemetry response. | H13: System executes APNS Overhead Pass Alert Banner - Variant 3 successfully without exceptions. Telemetry metrics confirm operational stability. | I13: Test skipped due to dependent ground station hardware offline in test environment. | J13: SKIPPED | K13: 0 | L13: Yes
... A301: APP-300 | B301: Push Notifications & Alerts | C301: Sound & Vibration Customization - Variant 60 | D301: UI/UX | E301: P3 | F301: OrbitX Mobile App v2.4.0 initialized. Active telemetry network connection. | G301: 1. Launch OrbitX APP module. 2. Navigate to 'Push Notifications & Alerts'. 3. Execute action: Sound & Vibration Customization - Variant 60. 4. Validate system telemetry response. | H301: System executes Sound & Vibration Customization - Variant 60 successfully without exceptions. Telemetry metrics confirm operational stability. | I301: Execution successful. All assertion checks passed. Telemetry response within expected threshold. | J301: PASSED | K301: 833 | L301: No

Sheet Selenium Test Cases
A1: Test Case ID | B1: Module / Component | C1: Test Specification Title | D1: Test Type | E1: Priority | F1: Pre-Conditions | G1: Test Steps | H1: Expected Result | I1: Actual Result | J1: Execution Status | K1: Duration (ms) | L1: Automated
A2: SEL-001 | B2: Web Dashboard & Overview | C2: WebGL 3D Canvas Rendering | D2: Performance | E2: P1 | F2: OrbitX Web Console v3.1 initialized. Active telemetry network connection. | G2: 1. Launch OrbitX SEL module. 2. Navigate to 'Web Dashboard & Overview'. 3. Execute action: WebGL 3D Canvas Rendering. 4. Validate system telemetry response. | H2: System executes WebGL 3D Canvas Rendering successfully without exceptions. Telemetry metrics confirm operational stability. | I2: Execution successful. All assertion checks passed. Telemetry response within expected threshold. | J2: PASSED | K2: 791 | L2: Yes
A3: SEL-002 | B3: Ground Station Antenna Control | C3: Antenna Health Sensor Status Indicator | D3: Functional | E3: P1 | F3: OrbitX Web Console v3.1 initialized. Active telemetry network connection. | G3: 1. Launch OrbitX SEL module. 2. Navigate to 'Ground Station Antenna Control'. 3. Execute action: Antenna Health Sensor Status Indicator. 4. Validate system telemetry response. | H3: System executes Antenna Health Sensor Status Indicator successfully without exceptions. Telemetry metrics confirm operational stability. | I3: AssertionError: Expected status 200 OK but received timeout/mismatch during Antenna Health Sensor Status Indicator step 3. | J3: FAILED | K3: 2043 | L3: Yes
A4: SEL-003 | B4: Satellite Fleet Management | C4: Orbit Decay Warning Banner | D4: Functional | E4: P1 | F4: OrbitX Web Console v3.1 initialized. Active telemetry network connection. | G4: 1. Launch OrbitX SEL module. 2. Navigate to 'Satellite Fleet Management'. 3. Execute action: Orbit Decay Warning Banner. 4. Validate system telemetry response. | H4: System executes Orbit Decay Warning Banner successfully without exceptions. Telemetry metrics confirm operational stability. | I4: Execution successful. All assertion checks passed. Telemetry response within expected threshold. | J4: PASSED | K4: 508 | L4: Yes
A5: SEL-004 | B5: DevSecOps & Security Telemetry | C5: Vulnerability Scanning Telemetry Tab | D5: Integration | E5: P2 | F5: OrbitX Web Console v3.1 initialized. Active telemetry network connection. | G5: 1. Launch OrbitX SEL module. 2. Navigate to 'DevSecOps & Security Telemetry'. 3. Execute action: Vulnerability Scanning Telemetry Tab. 4. Validate system telemetry response. | H5: System executes Vulnerability Scanning Telemetry Tab successfully without exceptions. Telemetry metrics confirm operational stability. | I5: AssertionError: Expected status 200 OK but received timeout/mismatch during Vulnerability Scanning Telemetry Tab step 3. | J5: FAILED | K5: 1210 | L5: Yes
A6: SEL-005 | B6: Data Analytics & Reporting | C6: Latency p95/p99 Telemetry Metrics - Variant 2 | D6: Performance | E6: P2 | F6: OrbitX Web Console v3.1 initialized. Active telemetry network connection. | G6: 1. Launch OrbitX SEL module. 2. Navigate to 'Data Analytics & Reporting'. 3. Execute action: Latency p95/p99 Telemetry Metrics - Variant 2. 4. Validate system telemetry response. | H6: System executes Latency p95/p99 Telemetry Metrics - Variant 2 successfully without exceptions. Telemetry metrics confirm operational stability. | I6: Execution successful. All assertion checks passed. Telemetry response within expected threshold. | J6: PASSED | K6: 845 | L6: Yes
A7: SEL-006 | B7: Multi-Browser & Cross-Platform | C7: Cross-Browser Firefox Headless - Variant 2 | D7: Compatibility | E7: P1 | F7: OrbitX Web Console v3.1 initialized. Active telemetry network connection. | G7: 1. Launch OrbitX SEL module. 2. Navigate to 'Multi-Browser & Cross-Platform'. 3. Execute action: Cross-Browser Firefox Headless - Variant 2. 4. Validate system telemetry response. | H7: System executes Cross-Browser Firefox Headless - Variant 2 successfully without exceptions. Telemetry metrics confirm operational stability. | I7: Test skipped due to dependent ground station hardware offline in test environment. | J7: SKIPPED | K7: 0 | L7: Yes
A8: SEL-007 | B8: Web Accessibility & Keyboard Nav | C8: Screen Reader ARIA Live Region - Variant 3 | D8: Accessibility | E8: P1 | F8: OrbitX Web Console v3.1 initialized. Active telemetry network connection. | G8: 1. Launch OrbitX SEL module. 2. Navigate to 'Web Accessibility & Keyboard Nav'. 3. Execute action: Screen Reader ARIA Live Region - Variant 3. 4. Validate system telemetry response. | H8: System executes Screen Reader ARIA Live Region - Variant 3 successfully without exceptions. Telemetry metrics confirm operational stability. | I8: Execution successful. All assertion checks passed. Telemetry response within expected threshold. | J8: PASSED | K8: 845 | L8: Yes
A9: SEL-008 | B9: Session Management & Auth | C9: Session Timeout Warnings Modal - Variant 3 | D9: Security | E9: P2 | F9: OrbitX Web Console v3.1 initialized. Active telemetry network connection. | G9: 1. Launch OrbitX SEL module. 2. Navigate to 'Session Management & Auth'. 3. Execute action: Session Timeout Warnings Modal - Variant 3. 4. Validate system telemetry response. | H9: System executes Session Timeout Warnings Modal - Variant 3 successfully without exceptions. Telemetry metrics confirm operational stability. | I9: Execution successful. All assertion checks passed. Telemetry response within expected threshold. | J9: PASSED | K9: 768 | L9: Yes
A10: SEL-009 | B10: Web Dashboard & Overview | C10: Widget Drag-and-Drop Rearrange - Variant 2 | D10: UI/UX | E10: P3 | F10: OrbitX Web Console v3.1 initialized. Active telemetry network connection. | G10: 1. Launch OrbitX SEL module. 2. Navigate to 'Web Dashboard & Overview'. 3. Execute action: Widget Drag-and-Drop Rearrange - Variant 2. 4. Validate system telemetry response. | H10: System executes Widget Drag-and-Drop Rearrange - Variant 2 successfully without exceptions. Telemetry metrics confirm operational stability. | I10: Execution successful. All assertion checks passed. Telemetry response within expected threshold. | J10: PASSED | K10: 460 | L10: Yes
A11: SEL-010 | B11: Ground Station Antenna Control | C11: Antenna Health Sensor Status Indicator - Variant 3 | D11: Functional | E11: P1 | F11: OrbitX Web Console v3.1 initialized. Active telemetry network connection. | G11: 1. Launch OrbitX SEL module. 2. Navigate to 'Ground Station Antenna Control'. 3. Execute action: Antenna Health Sensor Status Indicator - Variant 3. 4. Validate system telemetry response. | H11: System executes Antenna Health Sensor Status Indicator - Variant 3 successfully without exceptions. Telemetry metrics confirm operational stability. | I11: Execution successful. All assertion checks passed. Telemetry response within expected threshold. | J11: PASSED | K11: 833 | L11: No
A12: SEL-011 | B12: Satellite Fleet Management | C12: Orbit Decay Warning Banner - Variant 3 | D12: Functional | E12: P1 | F12: OrbitX Web Console v3.1 initialized. Active telemetry network connection. | G12: 1. Launch OrbitX SEL module. 2. Navigate to 'Satellite Fleet Management'. 3. Execute action: Orbit Decay Warning Banner - Variant 3. 4. Validate system telemetry response. | H12: System executes Orbit Decay Warning Banner - Variant 3 successfully without exceptions. Telemetry metrics confirm operational stability. | I12: Execution successful. All assertion checks passed. Telemetry response within expected threshold. | J12: PASSED | K12: 153 | L12: Yes
A13: SEL-012 | B13: DevSecOps & Security Telemetry | C13: Vulnerability Scanning Telemetry Tab - Variant 3 | D13: Integration | E13: P2 | F13: OrbitX Web Console v3.1 initialized. Active telemetry network connection. | G13: 1. Launch OrbitX SEL module. 2. Navigate to 'DevSecOps & Security Telemetry'. 3. Execute action: Vulnerability Scanning Telemetry Tab - Variant 3. 4. Validate system telemetry response. | H13: System executes Vulnerability Scanning Telemetry Tab - Variant 3 successfully without exceptions. Telemetry metrics confirm operational stability. | I13: AssertionError: Expected status 200 OK but received timeout/mismatch during Vulnerability Scanning Telemetry Tab - Variant 3 step 3. | J13: FAILED | K13: 1391 | L13: Yes
... A301: SEL-300 | B301: DevSecOps & Security Telemetry | C301: Vulnerability Scanning Telemetry Tab - Variant 75 | D301: Integration | E301: P2 | F301: OrbitX Web Console v3.1 initialized. Active telemetry network connection. | G301: 1. Launch OrbitX SEL module. 2. Navigate to 'DevSecOps & Security Telemetry'. 3. Execute action: Vulnerability Scanning Telemetry Tab - Variant 75. 4. Validate system telemetry response. | H301: System executes Vulnerability Scanning Telemetry Tab - Variant 75 successfully without exceptions. Telemetry metrics confirm operational stability. | I301: Test skipped due to dependent ground station hardware offline in test environment. | J301: SKIPPED | K301: 0 | L301: No
